# keyword (normalized — no accents, lowercase),genericName,category
# Multi-word keywords use single space. Empty genericName = brand-only hint.
arroz,Arroz,GROCERIES
feijao,Feijão,GROCERIES
acucar,Açúcar,GROCERIES
sal,Sal,GROCERIES
oleo,Óleo,GROCERIES
azeite,Azeite,GROCERIES
farinha,Farinha,GROCERIES
macarrao,Macarrão,GROCERIES
massa,Massa,GROCERIES
molho,Molho,GROCERIES
extrato,Extrato de Tomate,GROCERIES
fuba,Fubá,GROCERIES
amido,Amido de Milho,GROCERIES
fermento,Fermento,GROCERIES
maionese,Maionese,GROCERIES
ketchup,Ketchup,GROCERIES
mostarda,Mostarda,GROCERIES
vinagre,Vinagre,GROCERIES
biscoito,Biscoito,GROCERIES
bolacha,Biscoito,GROCERIES
chocolate,Chocolate,GROCERIES
achocolatado,Achocolatado,GROCERIES
cereal,Cereal,GROCERIES
aveia,Aveia,GROCERIES
granola,Granola,GROCERIES
mel,Mel,GROCERIES
geleia,Geleia,GROCERIES
leite,Leite,MEAT_DAIRY
leite condensado,Leite Condensado,GROCERIES
creme de leite,Creme de Leite,MEAT_DAIRY
queijo,Queijo,MEAT_DAIRY
iogurte,Iogurte,MEAT_DAIRY
manteiga,Manteiga,MEAT_DAIRY
margarina,Margarina,MEAT_DAIRY
requeijao,Requeijão,MEAT_DAIRY
ovo,Ovo,MEAT_DAIRY
ovos,Ovo,MEAT_DAIRY
pao,Pão,BAKERY
torrada,Torrada,BAKERY
bolo,Bolo,BAKERY
rosquinha,Rosquinha,BAKERY
panettone,Panettone,BAKERY
carne,Carne,MEAT_DAIRY
file,Filé,MEAT_DAIRY
costela,Costela,MEAT_DAIRY
alcatra,Alcatra,MEAT_DAIRY
patinho,Patinho,MEAT_DAIRY
acem,Acém,MEAT_DAIRY
linguica,Linguiça,MEAT_DAIRY
salsicha,Salsicha,MEAT_DAIRY
hamburguer,Hambúrguer,MEAT_DAIRY
nuggets,Nuggets,MEAT_DAIRY
peito frango,Peito de Frango,MEAT_DAIRY
coxa frango,Coxa de Frango,MEAT_DAIRY
frango,Frango,MEAT_DAIRY
peixe,Peixe,MEAT_DAIRY
bacalhau,Bacalhau,MEAT_DAIRY
sardinha,Sardinha,MEAT_DAIRY
atum,Atum,MEAT_DAIRY
salmao,Salmão,MEAT_DAIRY
camarao,Camarão,MEAT_DAIRY
presunto,Presunto,MEAT_DAIRY
mortadela,Mortadela,MEAT_DAIRY
salame,Salame,MEAT_DAIRY
bacon,Bacon,MEAT_DAIRY
peito peru,Peito de Peru,MEAT_DAIRY
tomate,Tomate,PRODUCE
batata,Batata,PRODUCE
cebola,Cebola,PRODUCE
alho,Alho,PRODUCE
cenoura,Cenoura,PRODUCE
beterraba,Beterraba,PRODUCE
abobrinha,Abobrinha,PRODUCE
pepino,Pepino,PRODUCE
pimentao,Pimentão,PRODUCE
abobora,Abóbora,PRODUCE
mandioca,Mandioca,PRODUCE
inhame,Inhame,PRODUCE
alface,Alface,PRODUCE
rucula,Rúcula,PRODUCE
couve,Couve,PRODUCE
espinafre,Espinafre,PRODUCE
brocolis,Brócolis,PRODUCE
couve flor,Couve-flor,PRODUCE
banana,Banana,PRODUCE
maca,Maçã,PRODUCE
laranja,Laranja,PRODUCE
mexerica,Mexerica,PRODUCE
mamao,Mamão,PRODUCE
abacaxi,Abacaxi,PRODUCE
melancia,Melancia,PRODUCE
melao,Melão,PRODUCE
uva,Uva,PRODUCE
manga,Manga,PRODUCE
abacate,Abacate,PRODUCE
limao,Limão,PRODUCE
morango,Morango,PRODUCE
agua,Água,BEVERAGES
agua mineral,Água Mineral,BEVERAGES
refrigerante,Refrigerante,BEVERAGES
coca,Refrigerante,BEVERAGES
guarana,Refrigerante,BEVERAGES
sprite,Refrigerante,BEVERAGES
fanta,Refrigerante,BEVERAGES
suco,Suco,BEVERAGES
nectar,Néctar,BEVERAGES
cha,Chá,BEVERAGES
cafe,Café,BEVERAGES
cerveja,Cerveja,BEVERAGES
chope,Chope,BEVERAGES
vinho,Vinho,BEVERAGES
espumante,Espumante,BEVERAGES
energetico,Energético,BEVERAGES
isotonico,Isotônico,BEVERAGES
sabao,Sabão,CLEANING
sabao po,Sabão em Pó,CLEANING
sabao em po,Sabão em Pó,CLEANING
sabao liquido,Sabão Líquido,CLEANING
detergente,Detergente,CLEANING
amaciante,Amaciante,CLEANING
alvejante,Alvejante,CLEANING
desinfetante,Desinfetante,CLEANING
desinf,Desinfetante,CLEANING
agua sanitaria,Água Sanitária,CLEANING
limpador,Limpador,CLEANING
limp,Limpador,CLEANING
multiuso,Limpador Multiuso,CLEANING
veja,,CLEANING
pinho sol,Desinfetante,CLEANING
pinho,Desinfetante,CLEANING
cif,Sapólio,CLEANING
sapon,Sapólio,CLEANING
sapolio,Sapólio,CLEANING
esponja,Esponja,CLEANING
saco lixo,Saco de Lixo,CLEANING
saco de lixo,Saco de Lixo,CLEANING
papel toalha,Papel Toalha,CLEANING
guardanapo,Guardanapo,OTHER
alcool,Álcool,CLEANING
luva,Luva,CLEANING
shampoo,Shampoo,PERSONAL_CARE
condicionador,Condicionador,PERSONAL_CARE
sabonete,Sabonete,PERSONAL_CARE
creme dental,Creme Dental,PERSONAL_CARE
pasta dente,Creme Dental,PERSONAL_CARE
escova dente,Escova de Dente,PERSONAL_CARE
fio dental,Fio Dental,PERSONAL_CARE
desodorante,Desodorante,PERSONAL_CARE
absorvente,Absorvente,PERSONAL_CARE
fralda,Fralda,OTHER
papel higienico,Papel Higiênico,PERSONAL_CARE
hidratante,Hidratante,PERSONAL_CARE
protetor solar,Protetor Solar,PERSONAL_CARE
algodao,Algodão,PERSONAL_CARE
cotonete,Cotonete,PERSONAL_CARE
lenco umedecido,Lenço Umedecido,PERSONAL_CARE

# --- 2026-06 enhancement: NFC-e abbreviations + snacks/compounds that bare
# tokens were mis-matching (e.g. "batata frita" -> PRODUCE). Multi-token phrases
# win over single tokens (longest-phrase-first), so these override bad fallbacks.
milho,Milho,GROCERIES
milho verde,Milho Verde,GROCERIES
batata frita,Batata Frita,GROCERIES
batata palha,Batata Palha,GROCERIES
salgadinho,Salgadinho,GROCERIES
salg,Salgadinho,GROCERIES
lays,Salgadinho,GROCERIES
doritos,Salgadinho,GROCERIES
chips,Salgadinho,GROCERIES
pipoca,Pipoca,GROCERIES
bisc,Biscoito,GROCERIES
oreo,Biscoito,GROCERIES
club social,Biscoito,GROCERIES
wafer,Wafer,GROCERIES
waf,Wafer,GROCERIES
pizza,Pizza,GROCERIES
passata,Passata de Tomate,GROCERIES
alga,Alga Marinha,GROCERIES
bala,Bala,GROCERIES
trufa,Trufa,GROCERIES
confeito,Confeito,GROCERIES
ling,Linguiça,MEAT_DAIRY
fraldinha,Fraldinha,MEAT_DAIRY
nata,Nata,MEAT_DAIRY
cream cheese,Cream Cheese,MEAT_DAIRY
cream ch,Cream Cheese,MEAT_DAIRY
flan,Flan,MEAT_DAIRY
salsa,Salsa,PRODUCE
cebolinha,Cebolinha,PRODUCE
maracuja,Maracujá,PRODUCE
moranga,Moranga,PRODUCE
coco seco,Coco,PRODUCE
vh,Vinho,BEVERAGES
abs,Absorvente,PERSONAL_CARE
des dove,Desodorante,PERSONAL_CARE
lava loucas,Lava-louças,CLEANING
lav louca,Lava-louças,CLEANING
lava roupas,Lava-roupas,CLEANING
l roup,Lava-roupas,CLEANING
esp,Esponja,CLEANING
bebida,Bebida,BEVERAGES
beb l,Bebida Láctea,MEAT_DAIRY
chia,Chia,GROCERIES
creme avela,Creme de Avelã,GROCERIES
nutella,Creme de Avelã,GROCERIES
qjo,Queijo,MEAT_DAIRY
durepoxi,Durepóxi,OTHER
b cer,Barra de Cereal,GROCERIES
palito suico,Palito Suíço,GROCERIES
p h,Papel Higiênico,PERSONAL_CARE
prato sob,Prato,OTHER
brinde,Brinde,OTHER
vitamina,Vitamina,HEALTH
gelol,Gelol,HEALTH

# === 2026-06 common-base expansion: Brazilian grocery staples ===
# GROCERIES (mercearia / pantry)
lentilha,Lentilha,GROCERIES
grao de bico,Grão de Bico,GROCERIES
ervilha,Ervilha,GROCERIES
soja,Soja,GROCERIES
espaguete,Espaguete,GROCERIES
miojo,Macarrão Instantâneo,GROCERIES
polvilho,Polvilho,GROCERIES
tapioca,Tapioca,GROCERIES
adocante,Adoçante,GROCERIES
bicarbonato,Bicarbonato,GROCERIES
leite em po,Leite em Pó,GROCERIES
gelatina,Gelatina,GROCERIES
pudim,Pudim,GROCERIES
pasta de amendoim,Pasta de Amendoim,GROCERIES
amendoim,Amendoim,GROCERIES
azeitona,Azeitona,GROCERIES
palmito,Palmito,GROCERIES
shoyu,Molho Shoyu,GROCERIES
oregano,Orégano,GROCERIES
canela,Canela,GROCERIES
pimenta,Pimenta,GROCERIES
cominho,Cominho,GROCERIES
colorau,Colorau,GROCERIES
caldo,Caldo,GROCERIES
tempero,Tempero,GROCERIES
farofa,Farofa,GROCERIES
cuscuz,Cuscuz,GROCERIES
lasanha,Lasanha,GROCERIES
doce de leite,Doce de Leite,GROCERIES
pacoca,Paçoca,GROCERIES
castanha,Castanha,GROCERIES
nozes,Nozes,GROCERIES
uva passa,Uva Passa,GROCERIES
coco ralado,Coco Ralado,GROCERIES
leite de coco,Leite de Coco,GROCERIES
rapadura,Rapadura,GROCERIES
mistura para bolo,Mistura para Bolo,GROCERIES
sagu,Sagu,GROCERIES
# MEAT_DAIRY (açougue / frios / laticínios)
mussarela,Mussarela,MEAT_DAIRY
parmesao,Parmesão,MEAT_DAIRY
provolone,Provolone,MEAT_DAIRY
ricota,Ricota,MEAT_DAIRY
cottage,Cottage,MEAT_DAIRY
queijo prato,Queijo Prato,MEAT_DAIRY
leite fermentado,Leite Fermentado,MEAT_DAIRY
picanha,Picanha,MEAT_DAIRY
maminha,Maminha,MEAT_DAIRY
pernil,Pernil,MEAT_DAIRY
lombo,Lombo,MEAT_DAIRY
tilapia,Tilápia,MEAT_DAIRY
coxao,Coxão,MEAT_DAIRY
musculo,Músculo,MEAT_DAIRY
sobrecoxa,Sobrecoxa,MEAT_DAIRY
asa de frango,Asa de Frango,MEAT_DAIRY
# PRODUCE (hortifruti)
pera,Pera,PRODUCE
repolho,Repolho,PRODUCE
chuchu,Chuchu,PRODUCE
gengibre,Gengibre,PRODUCE
coentro,Coentro,PRODUCE
manjericao,Manjericão,PRODUCE
vagem,Vagem,PRODUCE
quiabo,Quiabo,PRODUCE
berinjela,Berinjela,PRODUCE
agriao,Agrião,PRODUCE
tangerina,Tangerina,PRODUCE
figo,Figo,PRODUCE
caju,Caju,PRODUCE
kiwi,Kiwi,PRODUCE
ameixa,Ameixa,PRODUCE
pessego,Pêssego,PRODUCE
caqui,Caqui,PRODUCE
goiaba,Goiaba,PRODUCE
acerola,Acerola,PRODUCE
alho poro,Alho-poró,PRODUCE
batata doce,Batata Doce,PRODUCE
rabanete,Rabanete,PRODUCE
# CLEANING (limpeza)
lustra moveis,Lustra-móveis,CLEANING
tira manchas,Tira-manchas,CLEANING
cloro,Cloro,CLEANING
removedor,Removedor,CLEANING
desengordurante,Desengordurante,CLEANING
limpa vidro,Limpa-vidros,CLEANING
odorizador,Odorizador,CLEANING
inseticida,Inseticida,CLEANING
pano de chao,Pano de Chão,CLEANING
esfregao,Esfregão,CLEANING
# PERSONAL_CARE (higiene)
enxaguante bucal,Enxaguante Bucal,PERSONAL_CARE
barbeador,Barbeador,PERSONAL_CARE
espuma de barbear,Espuma de Barbear,PERSONAL_CARE
sabonete intimo,Sabonete Íntimo,PERSONAL_CARE
talco,Talco,PERSONAL_CARE
colonia,Colônia,PERSONAL_CARE
perfume,Perfume,PERSONAL_CARE
pomada assadura,Pomada para Assadura,PERSONAL_CARE
mascara capilar,Máscara Capilar,PERSONAL_CARE
hidratante labial,Hidratante Labial,PERSONAL_CARE
# BEVERAGES (bebidas)
agua de coco,Água de Coco,BEVERAGES
agua tonica,Água Tônica,BEVERAGES
vodka,Vodka,BEVERAGES
whisky,Whisky,BEVERAGES
cachaca,Cachaça,BEVERAGES
gin,Gin,BEVERAGES
rum,Rum,BEVERAGES
licor,Licor,BEVERAGES
refresco,Refresco em Pó,BEVERAGES
suco em po,Suco em Pó,BEVERAGES
mate,Chá Mate,BEVERAGES
# BAKERY (padaria)
pao de forma,Pão de Forma,BAKERY
pao frances,Pão Francês,BAKERY
pao de queijo,Pão de Queijo,BAKERY
baguete,Baguete,BAKERY
croissant,Croissant,BAKERY
bisnaguinha,Bisnaguinha,BAKERY
pao integral,Pão Integral,BAKERY
broa,Broa,BAKERY
rosca,Rosca,BAKERY
# 2026-06 abreviações do Bistek (mercado novo abrevia diferente)
achoc,Achocolatado,GROCERIES
az,Azeite,GROCERIES
p toalha,Papel Toalha,CLEANING
amac,Amaciante,CLEANING
det,Detergente,CLEANING
ag sanitaria,Água Sanitária,CLEANING
perf r,Perfumador de Roupas,CLEANING
orquidea,Aromatizante,CLEANING
# --- PHARMACY / DRUGSTORE (high-precision; merchant fallback catches the rest) ---
# Common OTC meds + brands (normalized: no accents, lowercase)
dipirona,Dipirona,HEALTH
paracetamol,Paracetamol,HEALTH
ibuprofeno,Ibuprofeno,HEALTH
nimesulida,Nimesulida,HEALTH
diclofenaco,Diclofenaco,HEALTH
omeprazol,Omeprazol,HEALTH
amoxicilina,Amoxicilina,HEALTH
azitromicina,Azitromicina,HEALTH
loratadina,Loratadina,HEALTH
cetoprofeno,Cetoprofeno,HEALTH
dorflex,Dorflex,HEALTH
novalgina,Novalgina,HEALTH
buscopan,Buscopan,HEALTH
neosaldina,Neosaldina,HEALTH
tylenol,Tylenol,HEALTH
advil,Advil,HEALTH
aspirina,Aspirina,HEALTH
engov,Engov,HEALTH
dramin,Dramin,HEALTH
luftal,Luftal,HEALTH
# Dosage forms (strong pharmacy signals)
comprimido,Medicamento,HEALTH
capsula,Medicamento,HEALTH
capsulas,Medicamento,HEALTH
drageas,Medicamento,HEALTH
xarope,Xarope,HEALTH
pomada,Pomada,HEALTH
# Supplements / vitamins
polivitaminico,Polivitamínico,HEALTH
suplemento,Suplemento,HEALTH
whey,Whey Protein,HEALTH
creatina,Creatina,HEALTH
colageno,Colágeno,HEALTH
melatonina,Melatonina,HEALTH
# Health / first-aid items
soro fisiologico,Soro Fisiológico,HEALTH
preservativo,Preservativo,HEALTH
curativo,Curativo,HEALTH
gaze,Gaze,HEALTH
seringa,Seringa,HEALTH
termometro,Termômetro,HEALTH

# Terms found landing in OTHER on real receipts (added 2026-06-08)
# Açougue / meat cuts
chuleta,Chuleta,MEAT_DAIRY
miudeza,Miudeza,MEAT_DAIRY
coxa,Coxa de Frango,MEAT_DAIRY
# Produce
bergamota,Bergamota,PRODUCE
# Sweets / chocolate (abbrev "choc" on NFC-e)
bombom,Bombom,GROCERIES
choc,Chocolate,GROCERIES
# Personal care (razor / aparelho de barbear)
ultragrip,Aparelho de Barbear,PERSONAL_CARE
# Household / pest control
naftalina,Naftalina,CLEANING
mata ratos,Raticida,CLEANING
# Trash bags (sold as "saco xadrez", a printed-pattern garbage bag)
saco xadrez,Saco de Lixo,CLEANING
# Bakery sweets — fried dough "sonho" variants (P. prefix = padaria)
calca virada,Cueca Virada,BAKERY
cueca virada,Cueca Virada,BAKERY

# ── OTHER: Pet food & pet care ─────────────────────────────────────────────────
racao,Ração,OTHER
racao gato,Ração para Gato,OTHER
racao cachorro,Ração para Cachorro,OTHER
racao cao,Ração para Cão,OTHER
racao felino,Ração Felina,OTHER
racao canino,Ração Canina,OTHER
petisco,Petisco para Pet,OTHER
tapete higienico,Tapete Higiênico,OTHER
areia higienica,Areia Higiênica,OTHER
areia gato,Areia para Gato,OTHER
comedouro,Comedouro,OTHER
bebedouro pet,Bebedouro,OTHER
antipulgas,Antipulgas,OTHER
vermifugo,Vermífugo,HEALTH
coleira antipulga,Coleira Antipulga,OTHER

# ── OTHER: Baby & infant care ─────────────────────────────────────────────────
fraldas,Fralda,OTHER
fralda descartavel,Fralda Descartável,OTHER
lencos umedecidos,Lenço Umedecido,OTHER
lenco umido,Lenço Umedecido,OTHER
toalha umida,Lenço Umedecido,OTHER
papinha,Papinha,GROCERIES
papa bebe,Papinha,GROCERIES
mingau,Mingau,GROCERIES
mamadeira,Mamadeira,OTHER
chupeta,Chupeta,OTHER
mordedor,Mordedor,OTHER
talco bebe,Talco,PERSONAL_CARE
shampoo bebe,Shampoo,PERSONAL_CARE
creme fralda,Creme para Fralda,PERSONAL_CARE

# ── OTHER: Batteries, electronics & household hardware ──────────────────────
pilha,Pilha,OTHER
pilhas,Pilha,OTHER
bateria 9v,Bateria,OTHER
bateria alcalina,Bateria,OTHER
lampada,Lâmpada,OTHER
lampada led,Lâmpada LED,OTHER
tomada,Tomada,OTHER
extensao,Extensão Elétrica,OTHER
cabo usb,Cabo USB,OTHER
pilha alcalina,Pilha Alcalina,OTHER
pilha recarregavel,Pilha Recarregável,OTHER

# ── OTHER: Candles, incense & home décor ────────────────────────────────────
vela,Vela,OTHER
vela aromatica,Vela Aromática,OTHER
incenso,Incenso,OTHER
porta vela,Porta-Vela,OTHER
difusor,Difusor de Ambiente,OTHER

# ── OTHER: Plastic bags, kitchenware & home goods ───────────────────────────
sacos de lixo,Saco de Lixo,CLEANING
saco para lixo,Saco de Lixo,CLEANING
filme pvc,Filme PVC,OTHER
papel aluminio,Papel Alumínio,OTHER
papel manteiga,Papel Manteiga,OTHER
pote plastico,Pote,OTHER
vasilha,Vasilha,OTHER
pano de prato,Pano de Prato,CLEANING
rodo,Rodo,CLEANING
vassoura,Vassoura,CLEANING
pano multiuso,Pano Multiuso,CLEANING
luva domestica,Luva Doméstica,CLEANING

# ── CLEANING: Additional surface cleaners & laundry ─────────────────────────
remove manchas,Tira-Manchas,CLEANING
limpador multiuso,Limpador Multiuso,CLEANING
desentupidor,Desentupidor,CLEANING
repelente insetos,Repelente,HEALTH
cera assoalho,Cera,CLEANING

# ── PERSONAL_CARE: Additions from stress-test gaps ───────────────────────────
protecao solar,Protetor Solar,PERSONAL_CARE
fps,Protetor Solar,PERSONAL_CARE
filtro solar,Protetor Solar,PERSONAL_CARE
absorvente interno,Absorvente Interno,PERSONAL_CARE
lenco de papel,Lenço de Papel,PERSONAL_CARE
lencos de papel,Lenço de Papel,PERSONAL_CARE
papel tissue,Lenço de Papel,PERSONAL_CARE
esponja banho,Esponja de Banho,PERSONAL_CARE
loofah,Esponja de Banho,PERSONAL_CARE
bucha vegetal,Esponja de Banho,PERSONAL_CARE
escova de cabelo,Escova de Cabelo,PERSONAL_CARE
pente,Pente,PERSONAL_CARE
lixa de unha,Lixa de Unha,PERSONAL_CARE
aparelho de barbear,Aparelho de Barbear,PERSONAL_CARE
lamina de barbear,Lâmina de Barbear,PERSONAL_CARE
creme de barbear,Creme de Barbear,PERSONAL_CARE
agua de colonia,Água de Colônia,PERSONAL_CARE
maquiagem,Maquiagem,PERSONAL_CARE
batom,Batom,PERSONAL_CARE
rimel,Rímel,PERSONAL_CARE
base maquiagem,Base,PERSONAL_CARE
blush,Blush,PERSONAL_CARE
creme hidratante,Creme Hidratante,PERSONAL_CARE
hidratante corporal,Hidratante Corporal,PERSONAL_CARE
oleo corporal,Óleo Corporal,PERSONAL_CARE

# ── HEALTH: Medicines and supplements (stress-test gaps) ─────────────────────
cefalexina,Cefalexina,HEALTH
atenolol,Atenolol,HEALTH
losartana,Losartana,HEALTH
metformina,Metformina,HEALTH
anticoncepcional,Anticoncepcional,HEALTH
antibiotico,Antibiótico,HEALTH
antiinflamatorio,Anti-inflamatório,HEALTH
pomada cicatrizante,Pomada Cicatrizante,HEALTH
gel cicatrizante,Gel Cicatrizante,HEALTH
spray nasal,Spray Nasal,HEALTH
colirio,Colírio,HEALTH
solucao salina,Solução Salina,HEALTH
multivitaminico,Multivitamínico,HEALTH
whey protein,Whey Protein,HEALTH
albumina,Albumina,HEALTH
bcaa,BCAA,HEALTH
omega 3,Ômega 3,HEALTH
probiotico,Probiótico,HEALTH
proteico,Proteico,HEALTH
energetico termogenico,Termogênico,HEALTH
band aid,Curativo,HEALTH

# ── BEVERAGES: Additions (alcohol + functional) ───────────────────────────────
isotônico,Isotônico,BEVERAGES
vinho tinto,Vinho Tinto,BEVERAGES
vinho branco,Vinho Branco,BEVERAGES
vinho rose,Vinho Rosé,BEVERAGES
sake,Saquê,BEVERAGES
pinga,Cachaça,BEVERAGES
kombucha,Kombucha,BEVERAGES
kefir bebida,Kefir,BEVERAGES
cha gelado,Chá Gelado,BEVERAGES
limonada,Limonada,BEVERAGES
suco polpa,Suco,BEVERAGES
polpa de fruta,Polpa de Fruta,BEVERAGES
extrato vegetal,Extrato Vegetal,BEVERAGES
leite vegetal,Leite Vegetal,BEVERAGES
leite de aveia,Leite de Aveia,BEVERAGES
leite de amêndoa,Leite de Amêndoa,BEVERAGES
leite de amendoa,Leite de Amêndoa,BEVERAGES
leite de coco bebida,Leite de Coco,BEVERAGES

# ── GROCERIES: Snacks, frozen foods & pantry gaps ────────────────────────────
pipoca microondas,Pipoca de Micro-ondas,GROCERIES
batata chips,Batata Chips,GROCERIES
castanha de caju,Castanha de Caju,GROCERIES
mix nuts,Mix de Castanhas,GROCERIES
polpa tomate,Polpa de Tomate,GROCERIES
tomate pelado,Tomate Pelado,GROCERIES
mistura tempero,Tempero,GROCERIES
caldo de galinha,Caldo de Galinha,GROCERIES
sopa,Sopa,GROCERIES
sopao,Sopão,GROCERIES
maionese light,Maionese Light,GROCERIES
nescau,Achocolatado,GROCERIES
achocolatado po,Achocolatado,GROCERIES
cappuccino,Cappuccino,GROCERIES
cafe soluvel,Café Solúvel,GROCERIES
cha preto,Chá Preto,GROCERIES
cha verde,Chá Verde,GROCERIES
cha camomila,Chá de Camomila,GROCERIES
erva mate,Erva-Mate,GROCERIES
chimarrao,Chimarrão,GROCERIES

# ── BAKERY: Additional padaria / confeitaria items ──────────────────────────
panetone,Panetone,BAKERY
cucas,Cucas,BAKERY
strudel,Strudel,BAKERY
sonho,Sonho,BAKERY
coxinha massa,Coxinha,BAKERY
pastel assado,Pastel,BAKERY
empada,Empada,BAKERY
esfirra,Esfiha,BAKERY
bolinho,Bolinho,BAKERY
waffel,Waffel,BAKERY
muffin,Muffin,BAKERY
chipa,Chipa,BAKERY
bisnagas,Bisnaguinha,BAKERY
bolo cenoura,Bolo de Cenoura,BAKERY
bolo chocolate,Bolo de Chocolate,BAKERY
bolo milho,Bolo de Milho,BAKERY

# ── MEAT_DAIRY: Additional cuts & dairy ──────────────────────────────────────
linguica calabresa,Linguiça Calabresa,MEAT_DAIRY
copa,Copa,MEAT_DAIRY
pepperoni,Pepperoni,MEAT_DAIRY
frango assado,Frango Assado,MEAT_DAIRY
filé frango,Filé de Frango,MEAT_DAIRY
carne suina,Carne Suína,MEAT_DAIRY
costelinha,Costelinha,MEAT_DAIRY
bisteca,Bisteca,MEAT_DAIRY
contrafile,Contrafilé,MEAT_DAIRY
queijo coalho,Queijo Coalho,MEAT_DAIRY
queijo parmesao,Queijo Parmesão,MEAT_DAIRY
queijo provolone,Queijo Provolone,MEAT_DAIRY
ovo de galinha,Ovo de Galinha,MEAT_DAIRY

# ── PRODUCE: Additional fruits, vegetables & fresh items ─────────────────────
limonada fruta,Limão,PRODUCE
aipim,Aipim,PRODUCE
macaxeira,Macaxeira,PRODUCE
milho espiga,Milho,PRODUCE
cogumelo,Cogumelo,PRODUCE
champignon,Champignon,PRODUCE

# ── GROCERIES: Frozen foods & common missing items ────────────────────────────
sorvete,Sorvete,GROCERIES
picole,Picolé,GROCERIES
massa fresca,Massa Fresca,GROCERIES
polenta,Polenta,GROCERIES
balas,Balas,GROCERIES
chiclete,Chiclete,GROCERIES
extrato tomate,Extrato de Tomate,GROCERIES
melado,Melado,GROCERIES
tahine,Tahine,GROCERIES
pasta amendoim,Pasta de Amendoim,GROCERIES
biscoito recheado,Biscoito Recheado,GROCERIES
biscoito agua sal,Biscoito Água e Sal,GROCERIES
biscoito cream cracker,Biscoito Cream Cracker,GROCERIES
macarrao instantaneo,Macarrão Instantâneo,GROCERIES
sazon,Sazonador,GROCERIES
caldo de carne,Caldo de Carne,GROCERIES
caldo de legumes,Caldo de Legumes,GROCERIES
extrato soja,Extrato de Soja,GROCERIES
creme milho,Creme de Milho,GROCERIES
seleta legumes,Seleta de Legumes,GROCERIES

# ── GROCERIES: Spices & seasonings ───────────────────────────────────────────
curcuma,Cúrcuma,GROCERIES
curry,Curry,GROCERIES
alecrim,Alecrim,GROCERIES
tomilho,Tomilho,GROCERIES
noz moscada,Noz-Moscada,GROCERIES
cravo,Cravo,GROCERIES
louro,Louro,GROCERIES
pimenta do reino,Pimenta-do-Reino,GROCERIES
quinoa,Quinoa,GROCERIES
linhaca,Linhaça,GROCERIES

# ── BEVERAGES: Additional ────────────────────────────────────────────────────
gelo,Gelo,BEVERAGES

# ── HEALTH: Missing supplements & pharmacy ───────────────────────────────────
proteina,Proteína,HEALTH
collagen,Colágeno,HEALTH
colageno hidrolisado,Colágeno Hidrolisado,HEALTH
fibra,Fibra Alimentar,HEALTH
prebiotico,Prebiótico,HEALTH
vitamina d,Vitamina D,HEALTH
vitamina c,Vitamina C,HEALTH
vitamina b12,Vitamina B12,HEALTH
zinco,Zinco,HEALTH
magnesio,Magnésio,HEALTH
ferro,Suplemento de Ferro,HEALTH
acido folico,Ácido Fólico,HEALTH
lanceta,Lanceta,HEALTH
fita glicemia,Fita de Glicemia,HEALTH
alcool 70,Álcool 70%,HEALTH
alcool gel,Álcool em Gel,HEALTH

# ── CLEANING: Missing household items ────────────────────────────────────────
palha aco,Palha de Aço,CLEANING
balde,Balde,CLEANING
mop,Mop,CLEANING
flanela,Flanela,CLEANING
desincrustante,Desincrustante,CLEANING
limpa forno,Limpa Forno,CLEANING
limpa pedra,Limpa Pedra,CLEANING
limpa banheiro,Limpa Banheiro,CLEANING
perfumador,Perfumador de Ambiente,CLEANING
aromatizador,Aromatizador,CLEANING
repelente ambiente,Repelente de Ambiente,CLEANING
rodo mop,Rodo Mop,CLEANING

# ── PERSONAL_CARE: Missing items ─────────────────────────────────────────────
creme facial,Creme Facial,PERSONAL_CARE
mascara facial,Máscara Facial,PERSONAL_CARE
tonico facial,Tônico Facial,PERSONAL_CARE
demaquilante,Demaquilante,PERSONAL_CARE
esfoliante,Esfoliante,PERSONAL_CARE
primer,Primer,PERSONAL_CARE
sombra,Sombra,PERSONAL_CARE
delineador,Delineador,PERSONAL_CARE
escova cabelo,Escova de Cabelo,PERSONAL_CARE
boticario,Produto O Boticário,PERSONAL_CARE
nivea,Nivea,PERSONAL_CARE

# ── OTHER: Home misc ─────────────────────────────────────────────────────────
lenco descartavel,Lenço Descartável,OTHER
toalha papel,Toalha de Papel,OTHER
garrafa termica,Garrafa Térmica,OTHER
sacola plastica,Sacola Plástica,OTHER
papel filme,Papel Filme,OTHER
fita adesiva,Fita Adesiva,OTHER
pilha aa,Pilha AA,OTHER
pilha aaa,Pilha AAA,OTHER
bateria,Bateria,OTHER
isqueiro,Isqueiro,OTHER
vela decorativa,Vela Decorativa,OTHER
